{
    "name": "entityorder",
    "title": "Entity Order",
    "description": "Allows you to change the order of entities in the sidebar (Actors, Scenes, Items, Journal Entries)",
    "version": "0.2",
    "author": "KaKaRoTo",
    "scripts": ["./entityorder.js"],
    "styles": [],
    "packs": [],
    "url": "https://github.com/kakaroto/fvtt-module-entityorder",
    "manifest": "https://raw.githubusercontent.com/kakaroto/fvtt-module-entityorder/master/entityorder/module.json",
    "download": "https://github.com/kakaroto/fvtt-module-entityorder/raw/master/entityorder.zip"
}
